1,「Helper」の剣
2,一握りのKOT
3,ドローンたちの上下翼
4,移動の印
5,効果の印
6,感覚の印
7,記憶の印
8,フルーツリキュール
9,N_Star
10,新品のテキーラ
11,年代物のウォッカ
12,スーツケース
13,「秘中の秘」
14,鍵鋳造キット
15,買い物バッグ
16,いつかの日記
17,オシロスコープの波形
18,レジャーシート
19,クールでミントな歯磨き粉
20,サクサクポテチ
21,スタンドマイク
22,「トラップマスター」の心得
23,パクパクポップコーン
24,フェライトコアコイル
25,秘密のブラックカード
26,モノリス
27,ユーグレナクッキー
28,ラッキーサングラス
29,起死回生のルーレット
30,ローラースケートシューズ
31,移動販売の車
32,何かの制御回路
33,不吉な栞
34,「フォース」の剣の示す先
35,基板の設計構想
36,金属製の盾
37,口伝
38,高圧洗浄機
39,ブラックボックス
40,紙パックのリンゴジュース
41,「衝突の時」
42,真空管
43,抵抗器
44,電解コンデンサ
45,土のう
46,特定機
47,秘密の基地
48,飛行機の搭乗券
49,美顔ローラー
50,抽選チケット
51,復活したバンドのCD
52,輸送船
53,領収証
54,あのスープカレー
55,お冷は焼酎水割り
56,ナン無料の罠
57,やっぱりラッシー
58,絶対にあたる刺身
59,「緑地化(抹茶のかき氷)」
60,交差点とゾンビ
61,帰る場所
62,合成樹脂
63,「オーバーキル」
64,スズブロック20個
65,美術展の記念集
66,水色の風船
67,消火栓
68,座れる切り株
69,止まった腕時計
70,「情報エリア」のマーク
71,キリンのお面
72,三端子レギュレーター
73,「学習失敗」
74,トパーズの首飾り
75,「オーシャン」のトライデント
76,Tキャップ
77,レンチ
78,フローライトとラピスラズリのイヤリング
79,ワイヤレスヘッドフォン
80,「安定の月と良好の旗」
81,水道局の水の缶
82,エメラルドと水晶のリング
83,"儀式のシンボル    "
84,フォークリフト
85,「フォッガー」の煙だまり
86,重い鉛のかたまり
87,ミラーボールは回る
88,高めの香水
89,堆積した木材片
90,進めるプロテインボトル
91,「臨界前」
92,円形蛍光灯
93,「灰になる」
94,「行列計算装置」
95,弾み車のドッグタグ
96,「ドレイナー」のオイルタンク
97,「キーキーパー」のゼッケン
98,「ネゴイスト」
99,「グラビティハンドル」のエフェクト軌道
100,異世界の宝刀
101,赤いはね橋
102,雨の日の傘
103,茶畑にかこまれて
104,グランピングのテント
105,ホットサンドメーカー
106,「レイクサイド」
107,灯台下の暮らし
108,「インターロッキング」
109,MOSFETのトランジスタ
110,「アウターファーミング」
111,「回転する円」
112,アナログシンセ
113,「アルケミスト」のブレス
114,「曇りの空気感」
115,車止め
116,決意
117,約束
118,オレンジのトラックボール
119,地雷
120,踏切台
121,表面実装用のダイオード
122,スイカの食品サンプル
123,Vのキーキャップ
124,パターン認識
125,Jのキーキャップ
126,白紙の依頼書
127,フラックス洗浄液
128,「フォローアップ」
129,デジタルサンプラー
130,「追加あり」
131,赤軸のリニアキースイッチ
132,「睡魔」
133,「ノルマ」
134,リズムシンセ
135,16Gのメモリ
136,ピンセット
137,キャプチャーボード
138,サウンドカード
139,コテ台のスポンジ
140,塗装用のはけ
141,リボルバー
142,「新境地」
143,忘れないためのメモ帳
144,「ギミック無視」
145,「幻想矢師」の幻惑矢
146,「音強師」の色トークン
147,「怪物」
148,「オルタネーター」の身代わり
149,「トレジャー」の物資ロック
150,いつの間にかできた洋食屋
151,変わり種のおにぎり
152,朝ごはんのパン
153,イカスミパスタ
154,油そばに粉チーズ
155,エアダスター
156,スーツの赤ネクタイ
157,タクトスイッチ
158,分割型キーボード
159,「特異の先」
160,牧場のソフトクリーム
161,効能の書かれた看板
162,「外気浴スポット」
163,とてつもなく苦いクラフトビール
164,降り出した雨
165,「天真爛漫」
166,休日の楽しみ
167,回転する観覧車
168,止まらぬ時計
169,緑色のLED
170,「グラミス」の混合薬
171,「タイムハッカー」の巻き戻し
172,コーンスープ
173,ナイフとフォーク
174,こだわりのラー油
175,新品のテニスボール
176,ボルダリングのホールド
177,アノテーション
178,結露したカーブミラー
179,住宅用ソーラーパネル
180,通行止めの看板
181,薪ストーブ
182,「スピア」の広範囲感知センサー
183,「シューター」の棘外装
184,「ユーン」の加速コア
185,「突破兵」の盾
186,「勝利を信じて」
187,不幸の連鎖
188,裁ちばさみ
189,洗濯バサミ
190,化粧水のボトル
191,ディスプレイの破壊者
192,逆位相
193,冷たいフローズンヨーグルト
194,透明な3Dプリントモデル
195,ベルトサンダー
196,特注のスマートフォンケース
197,呪われた森の黒いバラ
198,幻影を操るクリスタルの玉
199,時を超える時計の部品
200,帯電ロジカルチェイサー
201,夢魔の鏡
202,サイボーグ用インプラントチップ
203,スターシップのエンジンパーツ
204,プラズマブレードのペンダント